YBR297W	YMR021C	YPL177C	YMR042W	YML099C	YIL101C	YJR147W	YGR249W	YER045C	YHL027W	YER190W	YPL265W	YER189W	YBR086C	YOL157C	YJR054W	YCR021C	YMR172CA	YJR094C	YIR020C	YMR173W	YKR042W	YDL246C	YBR298C	YJL221C	YDL245C	YPL198W	YPL078C	YJL219W	YMR319C	YFL023W	YOR258W	YJR101W	YHL029C	YHR193C	YPR197C	YFR005C	YCR107W	YBL043W	YPR123C	YOR280C	YFL024C	YCR105W	YAR050W	YMR135WA	YBL029W	YHR194W	YPL111W	YFL066C	YDR276C
0.0829321	0.8298793	0.1144911	0.6106794	0.7381326	0.1342924	0.6913921	0.5756983	0.6555096	0.3963003	0.4274653	0.7456143	0.4916786	0.1765404	0.6993757	0.4885974	0.4486692	0.5061002	0.6278271	0.5016500	0.4362248	0.2498512	0.7004123	0.1169899	0.0462256	0.6637331	0.7449263	0.6345465	0.0451805	0.1531500	0.2738820	0.3099066	0.5352800	0.7111588	0.7757257	0.6229644	0.6901182	0.4675937	0.2628326	0.6777000	0.2661655	0.5148545	0.3408116	0.0581196	0.2488277	0.4874675	0.5964286	0.6658442	0.1533803	0.5348054
0.1114094	0.5497646	0.1629029	0.5525127	0.6773265	0.0651437	0.7105940	0.6545292	0.5179681	0.6271972	0.2634676	0.6299092	0.6552891	0.1908986	0.5587075	0.5668819	0.1011802	0.5205265	0.6515843	0.5880125	0.6228461	0.3155075	0.6641780	0.1291655	0.0252845	0.5864192	0.5905338	0.6011867	0.0019421	0.4212593	0.0404542	0.4423587	0.3695025	0.4899263	0.6775465	0.5275291	0.6154961	0.2177713	0.4648344	0.7969145	0.1291771	0.4483579	0.5069568	0.0735039	0.4252124	0.3358736	0.2800010	0.5952446	0.2052799	0.3403927
0.0963980	0.4235427	0.2198406	0.5879089	0.7510391	0.1494919	0.8364787	0.5936790	0.5439459	0.7345153	0.2002412	0.6357110	0.2223150	0.1932759	0.6831328	0.4832949	0.4583630	0.3907038	0.7744723	0.1429227	0.7769079	0.4466080	0.2783995	0.0392361	0.0163372	0.5208306	0.5296875	0.7202242	0.0449148	0.5071795	0.1062496	0.3920307	0.4518381	0.7125826	0.6393299	0.5621813	0.5573391	0.3687383	0.1564681	0.7594770	0.2858411	0.6861251	0.5253579	0.0714907	0.5109666	0.2196903	0.6006519	0.6529519	0.3343568	0.5882877
0.0459325	0.6872287	0.1189566	0.6955170	0.7375372	0.0556829	0.7999138	0.5571671	0.7095268	0.7943036	0.2564346	0.7850414	0.7163321	0.1391665	0.5312279	0.5173369	0.5420880	0.3927443	0.4090496	0.5639456	0.3299010	0.7993723	0.6169996	0.0237146	0.0804343	0.7031112	0.6204046	0.7269691	0.0004027	0.2628896	0.2565493	0.3793744	0.3469196	0.5960588	0.6431184	0.5016211	0.5645010	0.2730490	0.4731488	0.6762610	0.2274845	0.6670149	0.4635352	0.0030290	0.6744294	0.4035641	0.6822177	0.6639755	0.2786904	0.5402919
0.0552157	0.5961036	0.2332962	0.4873800	0.7555496	0.2776670	0.6245364	0.5052712	0.4814200	0.5886152	0.0636868	0.6257814	0.1162296	0.0842197	0.8108667	0.5055096	0.5968055	0.4614074	0.7137268	0.3578525	0.3989311	0.4435034	0.7199193	0.1467709	0.0037762	0.7184621	0.7587571	0.6582265	0.0009167	0.5149668	0.3505848	0.3379066	0.2762095	0.4614982	0.5771982	0.4361811	0.4706053	0.4388920	0.4975906	0.6055646	0.2955211	0.5781997	0.3364172	0.0499484	0.0394701	0.2702313	0.5023893	0.7256005	0.2951055	0.6924098
0.0480322	0.8044536	0.4865334	0.3802422	0.6961122	0.3627878	0.6664456	0.5661977	0.4892735	0.6757501	0.4512917	0.7832202	0.0180762	0.2295716	0.6831485	0.5255508	0.7047197	0.7495508	0.6139358	0.1920696	0.5791538	0.3480938	0.7340319	0.0130078	0.0214843	0.5220858	0.3826895	0.6570673	0.0305092	0.1749570	0.0778430	0.3676465	0.2336188	0.7226315	0.6927361	0.4812427	0.4031400	0.7256605	0.2462820	0.6431393	0.1352447	0.4858058	0.6628597	0.0328174	0.3731869	0.2064109	0.6989296	0.6238194	0.1741064	0.5118701
0.0885058	0.7677054	0.3814873	0.4911775	0.7148800	0.1854341	0.5658161	0.5090326	0.3211202	0.6689384	0.3421601	0.8085699	0.1482391	0.2212829	0.7877667	0.5379281	0.6614735	0.3190462	0.5899009	0.1292688	0.6700565	0.1560650	0.6357087	0.0228905	0.0096081	0.6608479	0.4256590	0.7189753	0.0004931	0.2883594	0.1397580	0.3037322	0.3025948	0.5813870	0.6477834	0.4801366	0.4328923	0.2201805	0.2283978	0.7048440	0.2941423	0.5562197	0.7492158	0.0523654	0.2624550	0.1384468	0.5269719	0.6331606	0.5228147	0.5837648
0.0880231	0.7794707	0.1488939	0.6926571	0.6699434	0.1759102	0.7568810	0.6398874	0.6703596	0.7589401	0.3072817	0.5981564	0.4986373	0.1857472	0.7214194	0.5726451	0.3248486	0.4246648	0.4508296	0.4847161	0.7475660	0.5138499	0.5884917	0.4988193	0.0077741	0.7107467	0.7122205	0.7764094	0.3185084	0.2585887	0.0787555	0.4547215	0.4915050	0.3050574	0.7328855	0.4844583	0.6478518	0.6225420	0.3746570	0.6529322	0.2786856	0.5744376	0.4063983	0.0007472	0.4392911	0.2834728	0.5084527	0.7535438	0.2555226	0.5959027
0.0910893	0.5603435	0.2059644	0.6468625	0.6856818	0.0646310	0.5108741	0.2949306	0.6146939	0.7529734	0.2542858	0.6850708	0.5405181	0.4308873	0.6119205	0.4271586	0.2796402	0.3592181	0.7071721	0.5811495	0.6234141	0.5385262	0.4317130	0.0845162	0.0421450	0.5783145	0.6115547	0.7541692	0.2020111	0.0909011	0.1479934	0.0713477	0.4159728	0.4110193	0.6218116	0.3329031	0.6498275	0.2293924	0.2707651	0.8140867	0.2027879	0.6912978	0.3700834	0.0042450	0.3206849	0.2459724	0.7334828	0.5617168	0.2923573	0.3991909
0.0955259	0.5590319	0.0873223	0.6492697	0.8639482	0.1770020	0.6948959	0.5759981	0.6156677	0.7326682	0.3047140	0.7925513	0.3251854	0.3049357	0.7073637	0.5228474	0.4140410	0.3086796	0.2691242	0.6368779	0.7573617	0.4458608	0.7262476	0.0510317	0.0100432	0.4976065	0.5985410	0.6407477	0.0830327	0.2119211	0.2258483	0.2258520	0.6807903	0.6240477	0.5743651	0.4556921	0.6963783	0.2656265	0.3619256	0.6222116	0.2007651	0.7326820	0.6332140	0.0416424	0.4541222	0.3211400	0.7259623	0.5882787	0.3844054	0.5767629
0.0706802	0.3722229	0.4435007	0.5224246	0.9244549	0.2934242	0.5163231	0.4117401	0.5139149	0.6064492	0.2606999	0.6789645	0.0164564	0.0933161	0.7658430	0.5564373	0.7359688	0.3700114	0.8117803	0.1733457	0.5408342	0.2689833	0.6046315	0.2207533	0.0060204	0.4268817	0.1695710	0.6748692	0.0000826	0.6027070	0.0487401	0.3688532	0.2235068	0.5960055	0.8514545	0.4029629	0.3374343	0.1281128	0.2519033	0.7216679	0.2694059	0.6910431	0.4285047	0.0596191	0.3653019	0.0267611	0.4957844	0.6261474	0.4379711	0.7154293
0.0244864	0.7433466	0.0851417	0.7475513	0.6738625	0.0036254	0.4887538	0.4690778	0.7710498	0.6581229	0.7948829	0.7317400	0.5644527	0.0693767	0.0753994	0.5127693	0.0000628	0.4536835	0.6602919	0.6816867	0.6384940	0.4268702	0.6689790	0.0340998	0.6770433	0.5161023	0.4319254	0.5799734	0.0026080	0.2680631	0.0613286	0.4638839	0.5644913	0.3996582	0.5895890	0.5245614	0.7277900	0.3146014	0.4252421	0.7142773	0.1780557	0.5634451	0.4835375	0.0422586	0.4168064	0.4022045	0.6678215	0.8330655	0.1128152	0.3834549
0.0723717	0.7235416	0.2156361	0.5075632	0.6773914	0.3373266	0.6264738	0.5055151	0.5015597	0.7012982	0.3874150	0.6465557	0.0952244	0.2142935	0.7171380	0.5332244	0.6050774	0.4911868	0.5744045	0.2471674	0.4970263	0.1843619	0.6437710	0.0271140	0.0060497	0.7167658	0.6918201	0.5949867	0.0002828	0.3311006	0.0664551	0.4140033	0.4007967	0.5374849	0.6613145	0.4999751	0.4739898	0.4338059	0.2449056	0.6351322	0.3038004	0.4512273	0.5801796	0.0029764	0.2028093	0.0976194	0.6370098	0.5941048	0.2163133	0.6066086
0.0808965	0.6519355	0.1025564	0.6334278	0.4853915	0.0020698	0.3694786	0.2208895	0.4883223	0.6883513	0.6328628	0.6890290	0.5315520	0.5551960	0.0043947	0.2298439	0.3038758	0.3708141	0.7948648	0.7438725	0.6782612	0.3299085	0.6484254	0.0046059	0.7231803	0.7280444	0.3013992	0.7517284	0.0733651	0.3556111	0.1621541	0.3626459	0.5506851	0.7123304	0.6067976	0.2081324	0.5711116	0.3335040	0.5917780	0.6348776	0.3917413	0.6408667	0.1815571	0.0583968	0.6888035	0.3587686	0.4665271	0.7008880	0.0784118	0.6740934
0.0442082	0.6602049	0.0729904	0.7514238	0.6317714	0.0302244	0.7226765	0.3207921	0.7329067	0.6560966	0.0500934	0.7095202	0.7744792	0.3868379	0.4211021	0.4535895	0.0465995	0.6032172	0.6538508	0.7186454	0.7601979	0.4698431	0.7457431	0.0213418	0.0543298	0.3786435	0.5680982	0.7369689	0.1118679	0.1629445	0.0610205	0.1231828	0.1096062	0.7237314	0.7611954	0.4732910	0.7097205	0.2510322	0.7832432	0.7533122	0.3478363	0.5572954	0.1903572	0.0544738	0.8340904	0.4323516	0.6131968	0.5765861	0.4148957	0.6210867
0.0452502	0.7121359	0.0595586	0.6441618	0.6872032	0.0552208	0.7456942	0.4269520	0.7272190	0.5055159	0.3472905	0.8002973	0.6896779	0.4346966	0.7633005	0.6461088	0.5645090	0.6720755	0.6412065	0.5295028	0.4696315	0.5588373	0.3813177	0.0256226	0.0185302	0.5878862	0.5860833	0.5778924	0.0030995	0.2959372	0.3273896	0.4105902	0.6409189	0.6088878	0.8978885	0.4025479	0.6695073	0.3345063	0.5003499	0.7279116	0.2258482	0.7779744	0.3027939	0.0138548	0.7759044	0.6900170	0.7551793	0.6574097	0.2353032	0.6897488
0.1045983	0.7070171	0.2145694	0.5162516	0.6114611	0.0689891	0.5935921	0.1876731	0.4961742	0.6441981	0.3826373	0.6583274	0.9367551	0.4611193	0.5238965	0.0962477	0.0275623	0.2604416	0.7938166	0.5916279	0.6521378	0.5693839	0.4883911	0.0115452	0.0895092	0.5777550	0.4797520	0.7189161	0.0000127	0.3266127	0.0797682	0.0062357	0.3745967	0.6016016	0.6061288	0.0952197	0.1978000	0.3828532	0.2464453	0.8113183	0.5449201	0.3572208	0.1177095	0.0380903	0.5448957	0.1550710	0.5933037	0.5356505	0.1965549	0.6654247
0.0319628	0.6995070	0.2619984	0.5809718	0.6761935	0.0367246	0.4772389	0.3062136	0.7784996	0.7135027	0.5472500	0.7799863	0.6641161	0.4990464	0.2603797	0.3876413	0.0206780	0.2488236	0.5680898	0.5465803	0.5837611	0.2231990	0.6093517	0.0122852	0.1861296	0.6794367	0.5472464	0.6423417	0.2679883	0.3217909	0.1678233	0.2728048	0.3481899	0.6786994	0.7832489	0.3053362	0.5617756	0.1479460	0.2652705	0.6632306	0.3606599	0.6260138	0.3869028	0.0005392	0.7532939	0.1751528	0.6281572	0.6093752	0.0777012	0.6430568
0.0455343	0.7165955	0.1734549	0.7179690	0.7200786	0.0557018	0.5134215	0.4422273	0.7598621	0.7322013	0.4272851	0.5203348	0.6048282	0.2474690	0.6293492	0.6024148	0.2586132	0.5272401	0.5812440	0.7207819	0.5894612	0.6486899	0.4369143	0.0343304	0.0460734	0.8941531	0.6085331	0.6580051	0.0015759	0.3438501	0.0714391	0.3179589	0.4083039	0.6646915	0.7291965	0.5352297	0.3425289	0.0012341	0.1622819	0.6734512	0.3154632	0.5659719	0.5207343	0.0246441	0.5791588	0.3480585	0.5191013	0.7255660	0.1706297	0.5730202
0.0986641	0.6023849	0.0705866	0.7110148	0.6754034	0.4271768	0.4007125	0.5536959	0.3916074	0.7297569	0.3719447	0.7105013	0.0213497	0.2276717	0.7368986	0.4401558	0.6187877	0.6052172	0.5281968	0.3301371	0.7330810	0.0631044	0.6470523	0.0693275	0.0088982	0.6673901	0.5884595	0.7528916	0.0182713	0.3649684	0.0400067	0.2833067	0.4622591	0.3535081	0.5538242	0.5169736	0.4433130	0.8350498	0.7578574	0.7965348	0.2057086	0.7190985	0.5467894	0.0175349	0.1520852	0.1672460	0.8006828	0.6711581	0.3260203	0.5211093
0.0182835	0.7646973	0.0897791	0.6790198	0.6699771	0.2722843	0.5856280	0.6875566	0.4840219	0.7699981	0.3145034	0.8403153	0.1019137	0.1268133	0.7223666	0.5058890	0.4860892	0.4870887	0.3674658	0.3919310	0.7957175	0.4557554	0.5754245	0.0129909	0.0008965	0.7269880	0.5780555	0.6950647	0.1596826	0.2418047	0.1542212	0.3002906	0.6687455	0.7181207	0.7391062	0.4847584	0.2949347	0.5859571	0.6789039	0.7338970	0.3469871	0.5871975	0.6662607	0.0245578	0.3895369	0.3635982	0.4872707	0.6151524	0.1715873	0.6023423
0.0777514	0.7033735	0.1290939	0.5817006	0.6719953	0.5723394	0.3288162	0.4749142	0.1904717	0.6639526	0.3072834	0.6842221	0.0481194	0.3599352	0.6265230	0.4311894	0.6943267	0.4843353	0.5289806	0.1911122	0.7449453	0.2046190	0.8258156	0.0269620	0.0110040	0.5008268	0.4372570	0.4986605	0.1660601	0.3421670	0.0598353	0.1774438	0.4196696	0.6102358	0.7929526	0.3809619	0.4435101	0.2403965	0.3880518	0.7059734	0.2694530	0.4933778	0.6690010	0.0010468	0.1886877	0.3098500	0.7274325	0.6514212	0.2919545	0.5379007
0.0544518	0.6426247	0.2511065	0.7971780	0.5742578	0.1049650	0.7180312	0.4953307	0.3836054	0.6573285	0.3307065	0.6378782	0.6779504	0.1964350	0.7953412	0.5335160	0.1287636	0.3162807	0.7100284	0.3591951	0.8735099	0.4741499	0.6847973	0.0159032	0.0310460	0.4691850	0.6141374	0.7123178	0.0394397	0.3500128	0.0252684	0.2438414	0.2047113	0.6413354	0.6084641	0.4429884	0.6989666	0.1918706	0.3422640	0.9072770	0.1951031	0.5747810	0.5251123	0.0346899	0.5556227	0.1741856	0.2564660	0.6010742	0.2841297	0.5742332
0.0605673	0.4303005	0.0864653	0.6842285	0.6301434	0.0495498	0.6805272	0.4456997	0.4375134	0.2465422	0.5089780	0.6649435	0.7743390	0.4160869	0.3303902	0.5689353	0.0238260	0.4381286	0.7945472	0.6479681	0.1196391	0.5158184	0.6629311	0.0171198	0.1941497	0.6030068	0.5321117	0.7077773	0.0031056	0.4493994	0.0810854	0.1856980	0.5937571	0.7692237	0.7783393	0.4058486	0.6674304	0.6113891	0.1954325	0.7108123	0.3514268	0.4721489	0.2951069	0.0938168	0.5971067	0.4882185	0.3899136	0.5447613	0.3372017	0.6566931
0.0278042	0.7652663	0.0823859	0.6923586	0.4695052	0.5436320	0.3603787	0.5391684	0.3242332	0.6871111	0.3391589	0.7005399	0.0024879	0.2610913	0.7022990	0.4143258	0.6186305	0.6483579	0.7421733	0.3855785	0.6593988	0.3075788	0.6290749	0.1476505	0.0007556	0.7849961	0.7363046	0.4834168	0.0021163	0.2658231	0.0672355	0.4022939	0.5536784	0.4397448	0.6445214	0.6150440	0.7147510	0.5749727	0.3319637	0.6640044	0.2878506	0.4736130	0.5280781	0.0223637	0.3153015	0.4471161	0.4776082	0.8172921	0.2592447	0.5354425
0.0696092	0.7881806	0.3185981	0.6605556	0.5876882	0.0588563	0.7216282	0.3797525	0.7551124	0.7455069	0.6619964	0.7632653	0.6146033	0.5938050	0.2737473	0.3938563	0.1871859	0.3053013	0.6002272	0.4716081	0.5182763	0.4976036	0.6381828	0.0034608	0.1557026	0.5609488	0.5056132	0.7241192	0.0005252	0.3888026	0.0644232	0.1246074	0.2910710	0.6503196	0.7277522	0.3405563	0.6594756	0.3503742	0.2406890	0.7295471	0.2429304	0.5456850	0.5591440	0.0114571	0.6590352	0.1348322	0.6332425	0.7217527	0.0968080	0.5423265
0.0512850	0.7652787	0.4270127	0.7153096	0.6605322	0.3584532	0.5208675	0.2506251	0.5630254	0.5651719	0.2445740	0.7823331	0.0615995	0.3779190	0.6446146	0.2969225	0.5867483	0.4229475	0.5353543	0.0292395	0.5782431	0.3921578	0.7569912	0.0385758	0.0030941	0.3831609	0.5033764	0.6066023	0.1171528	0.1497761	0.1075725	0.0510792	0.2828742	0.7236366	0.7966565	0.3978794	0.5054187	0.1713126	0.3153777	0.6294381	0.3639442	0.6253094	0.2139153	0.0055644	0.4177407	0.1480912	0.6089268	0.7899515	0.2134245	0.7722788
0.1118810	0.7587793	0.2391446	0.5432088	0.6843053	0.0226679	0.6906163	0.6556998	0.7293206	0.5790466	0.6001948	0.7007193	0.5842182	0.2573645	0.4197559	0.5570308	0.0208988	0.3272772	0.5404863	0.4356843	0.8231650	0.4856226	0.5246474	0.0136796	0.1001859	0.6510732	0.7089094	0.7184873	0.0252300	0.1151752	0.0593147	0.3482724	0.4001599	0.5909132	0.6967578	0.5691624	0.5109106	0.6915422	0.2448195	0.7636807	0.2859240	0.5517997	0.5476384	0.0731191	0.6644635	0.3604891	0.5263253	0.4786523	0.2110424	0.7166416
0.0387165	0.6881332	0.3507219	0.5693520	0.5646004	0.0685608	0.6822741	0.5202868	0.5925117	0.4552511	0.1614960	0.7774666	0.5682096	0.3743502	0.5184415	0.7016248	0.0698261	0.2913055	0.7318308	0.6725252	0.5639591	0.4514482	0.4853890	0.0316444	0.0671852	0.5271729	0.3140141	0.6563377	0.2270582	0.1699263	0.0854502	0.5009844	0.2539680	0.7973869	0.8697812	0.6299753	0.5250826	0.2213891	0.0444688	0.6064052	0.3198515	0.5737777	0.3461579	0.0962732	0.6398114	0.0333908	0.5201606	0.6096427	0.1776111	0.7128298
0.0991653	0.6339130	0.3034059	0.7640016	0.8155069	0.1028148	0.6794340	0.6764285	0.7166973	0.3677316	0.2118581	0.7212982	0.5264983	0.1280092	0.6767250	0.4249810	0.1647935	0.3291556	0.5127656	0.4732418	0.2594433	0.7036749	0.3497761	0.0948176	0.0299108	0.5513354	0.3949017	0.7319637	0.3125624	0.1562025	0.0625023	0.3770597	0.3409447	0.6507615	0.6811099	0.6651642	0.4682880	0.2608222	0.3762759	0.6710021	0.3807576	0.5908964	0.4339096	0.0563427	0.7372203	0.0945462	0.3638504	0.7990861	0.2146670	0.5841054
0.0307506	0.8348529	0.1047024	0.7551212	0.7054946	0.0692053	0.7627046	0.4326294	0.6825330	0.7984495	0.3538018	0.7750940	0.6382427	0.2831511	0.5414210	0.4361797	0.0594378	0.3946365	0.7870719	0.4286319	0.6742439	0.4800135	0.7396559	0.2927372	0.0425008	0.6143423	0.3742462	0.7054920	0.0000562	0.3814437	0.1563879	0.1836161	0.4659757	0.7404854	0.7013572	0.5155908	0.5317627	0.3717785	0.2240225	0.7105577	0.3524703	0.6781499	0.4533805	0.0718231	0.3891744	0.3048436	0.6802880	0.5612018	0.1372951	0.6103386
0.1189667	0.5666124	0.1630666	0.5937412	0.6845860	0.3137651	0.3847265	0.6396211	0.7335019	0.4672102	0.2102061	0.7486027	0.2801354	0.2251465	0.6928226	0.4609934	0.4984914	0.3624265	0.7109465	0.3634585	0.3554439	0.5000507	0.7706932	0.1921996	0.0584078	0.4099676	0.7491382	0.7080497	0.1237975	0.3202843	0.0523505	0.3390491	0.4641539	0.4307291	0.7542637	0.5360718	0.6378116	0.2669336	0.5471755	0.6356699	0.1273388	0.5945802	0.5088972	0.0061068	0.4174797	0.4596348	0.6842329	0.6411942	0.2584270	0.5271788
0.1318266	0.5429669	0.0403169	0.8486184	0.6476272	0.2726280	0.6472889	0.6022149	0.3438714	0.6926975	0.3638223	0.7053711	0.1973548	0.0499129	0.8342901	0.6018854	0.5343681	0.4532757	0.5336903	0.4174040	0.6089681	0.4406740	0.6946008	0.2534212	0.0075186	0.8702488	0.5836778	0.6806014	0.1986801	0.4957103	0.2389275	0.3642328	0.5012541	0.4808396	0.6636405	0.4845311	0.8776836	0.3150912	0.3831830	0.7225647	0.2060239	0.5798822	0.5629886	0.0057910	0.1312298	0.5481065	0.3989809	0.6640178	0.2391931	0.7205873
0.0223292	0.7810402	0.1232684	0.3624186	0.7201925	0.4295707	0.4262673	0.4445455	0.5962622	0.7402044	0.3803325	0.7925983	0.0559567	0.3372872	0.7848864	0.3998563	0.7072716	0.5439334	0.7915718	0.2750948	0.5733870	0.2195642	0.7804141	0.0045293	0.0030410	0.6713956	0.7063280	0.7956633	0.0026873	0.2742703	0.2412415	0.1819154	0.5451046	0.6097180	0.6958512	0.4909946	0.6974891	0.3075777	0.6738872	0.6837261	0.3118794	0.5812535	0.5099389	0.0304583	0.2848775	0.2157632	0.4598030	0.6067831	0.2060930	0.6773058
0.0466587	0.6299158	0.3240933	0.6949448	0.3152920	0.0742295	0.7301188	0.5227733	0.6881028	0.6282946	0.2306305	0.5108799	0.7917064	0.5275467	0.7144806	0.4920931	0.3028173	0.4920997	0.7777875	0.5718853	0.6568942	0.4857199	0.3848245	0.0062014	0.0500988	0.5631755	0.4340518	0.7643484	0.2755001	0.2701971	0.2568576	0.3332491	0.4066793	0.7178854	0.6669107	0.5336316	0.5216266	0.2939391	0.2215785	0.6145297	0.2983869	0.4020696	0.5201942	0.0367049	0.6030189	0.0963993	0.5343941	0.7862382	0.2270906	0.5499250
0.0463316	0.4616041	0.0644518	0.7458307	0.6402194	0.3438656	0.5333927	0.4493913	0.5499343	0.7717180	0.3530784	0.6495592	0.0258077	0.3786561	0.7845188	0.4667565	0.6388202	0.5178628	0.7768116	0.2671295	0.5382453	0.2538278	0.6770661	0.0586377	0.0419445	0.6796499	0.6091536	0.7469026	0.0019239	0.5133211	0.2281123	0.2738326	0.6147090	0.7250106	0.7093353	0.3798753	0.7196325	0.4844605	0.5066800	0.7624707	0.2709815	0.6766311	0.3915639	0.0263223	0.1195988	0.3405731	0.3981011	0.7201752	0.3559329	0.7117627
0.0478398	0.5143861	0.0475083	0.6379405	0.7459561	0.2943086	0.6534999	0.6212840	0.6000692	0.7817032	0.2708505	0.7724615	0.0222380	0.2391172	0.6635154	0.6864890	0.6530013	0.4410011	0.7652691	0.3113895	0.6634954	0.4953367	0.3753953	0.0354372	0.0440850	0.5109714	0.6936080	0.5902138	0.0020164	0.3628362	0.1194408	0.2818394	0.6143939	0.5752717	0.6518614	0.5341093	0.7903438	0.1986503	0.1058404	0.6656224	0.1255157	0.5068913	0.6888023	0.0079259	0.1979244	0.5701044	0.5304110	0.6887620	0.3805906	0.6067779
0.0210294	0.7595365	0.0235631	0.6876969	0.4825200	0.3681877	0.5544099	0.6633287	0.8125963	0.7484682	0.3358297	0.7368171	0.0684684	0.1141026	0.6325831	0.4734407	0.5646519	0.6674915	0.4302620	0.1834720	0.6207233	0.3466338	0.5600796	0.0274954	0.0061330	0.8253525	0.7163943	0.7399981	0.1880812	0.3000138	0.0794773	0.3823693	0.6718307	0.7682179	0.6056545	0.4751655	0.4254146	0.5776794	0.4981993	0.7613265	0.2308279	0.4993551	0.7934104	0.0463330	0.3535138	0.3183234	0.3319967	0.6061211	0.0884302	0.7497212
0.0676356	0.5659970	0.0436698	0.7990586	0.5487828	0.1400995	0.7339126	0.6533820	0.7409688	0.6953995	0.2280800	0.6836777	0.2835088	0.3433565	0.6297032	0.5400964	0.2353699	0.2094626	0.7386849	0.6404121	0.4151490	0.3721776	0.6818711	0.1753991	0.0275112	0.8820604	0.6769594	0.7485840	0.0846584	0.4189602	0.0631484	0.3702727	0.5788950	0.5483681	0.6932634	0.5519799	0.4103996	0.4537153	0.2285877	0.8382601	0.2152365	0.4191054	0.6243410	0.0443060	0.6381838	0.2022843	0.7523807	0.6260176	0.4445547	0.6469843
0.0208913	0.7876732	0.1138245	0.6365307	0.3940701	0.1541137	0.4409814	0.6498353	0.5682036	0.6630974	0.1158423	0.7066881	0.4357627	0.2820259	0.8062051	0.4936837	0.3905681	0.4503625	0.6539055	0.5337439	0.6128440	0.3496191	0.7426496	0.0817659	0.0194719	0.8326599	0.6203985	0.5970211	0.3493679	0.3597140	0.1059056	0.3521762	0.5273856	0.6419675	0.7567086	0.6671924	0.6083441	0.3853870	0.1946898	0.7633067	0.2636927	0.5188951	0.3306127	0.0081288	0.5012054	0.2973473	0.2935155	0.7474676	0.1150684	0.6614391
0.1167469	0.5938648	0.0286046	0.8620317	0.5757357	0.2085761	0.5375514	0.7029819	0.6429262	1.0159257	0.3047795	0.6540979	0.2434975	0.3319473	0.7469833	0.6577421	0.4868416	0.5884508	0.5313021	0.4290540	0.5329525	0.3649774	0.6643937	0.0437179	0.0027114	0.7166023	0.2676857	0.5065869	0.0950910	0.4373785	0.0748159	0.6118147	0.7033297	0.7410681	0.6945670	0.5483743	0.7846703	0.5117947	0.3010322	0.6909382	0.2835919	0.6308161	0.6484032	0.0384475	0.4469488	0.5268460	0.4921486	0.6534303	0.3278656	0.5921572
0.0167600	0.6915423	0.0680591	0.6191665	0.4592400	0.0006429	0.5790912	0.5847613	0.4730295	0.6294285	0.7400237	0.6706886	0.3791364	0.1775640	0.2116917	0.4879255	0.2262591	0.4777839	0.5872988	0.7613335	0.6487238	0.6125137	0.6278960	0.2875429	0.6853860	0.7886117	0.4702795	0.6223509	0.2182679	0.2018462	0.2621475	0.4102134	0.6315520	0.7496297	0.8407166	0.5661349	0.6457099	0.4443378	0.6732971	0.8088192	0.2102996	0.5522481	0.8172250	0.0008577	0.7283165	0.3194779	0.7887231	0.7240811	0.0625628	0.7283608
0.0825039	0.6069490	0.1534075	0.7266673	0.6122329	0.0427596	0.4777041	0.5271271	0.7967641	0.7063790	0.3152368	0.8671502	0.6674195	0.2704400	0.7550420	0.4052754	0.0511793	0.3004635	0.6454177	0.6733773	0.6941352	0.6307523	0.7161532	0.2600234	0.0130512	0.6543196	0.9400805	0.7708769	0.0005345	0.3442691	0.0551075	0.2283222	0.4211044	0.7743197	0.7446474	0.4907711	0.6904109	0.4791386	0.4719289	0.7446135	0.2402308	0.5203689	0.5730914	0.0054948	0.7318174	0.4062256	0.4971832	0.5316755	0.2076980	0.3116561
0.0683154	0.5590184	0.3318384	0.6402324	0.7442003	0.3349608	0.7962277	0.4945388	0.5787837	0.8112589	0.3810838	0.7325025	0.0453910	0.1989515	0.8347422	0.6559263	0.5328024	0.3143409	0.5228744	0.1854074	0.5238829	0.2722607	0.5515819	0.1488365	0.0330954	0.6661870	0.2792447	0.7616177	0.3118557	0.1778286	0.1191794	0.4999296	0.3625219	0.5345353	0.6354972	0.4506180	0.6205395	0.6257840	0.5231860	0.6580462	0.1775909	0.5144039	0.5231036	0.0573118	0.5330046	0.2479790	0.6554537	0.7090976	0.2737309	0.6396977
0.0581470	0.7432500	0.2408307	0.6650159	0.8000680	0.0064860	0.5242692	0.5445373	0.6733391	0.7926913	0.4860449	0.6578381	0.6075271	0.1241309	0.2096103	0.5164630	0.0847165	0.5283912	0.7119283	0.5289805	0.6573748	0.3393215	0.6346374	0.0152094	0.2824822	0.7747852	0.5936153	0.6529127	0.1251090	0.3169327	0.0433874	0.3124194	0.4612965	0.5151179	0.6537450	0.4755848	0.5765467	0.4934074	0.5479002	0.8531291	0.2650434	0.6796519	0.3749882	0.0071362	0.8399201	0.1466456	0.6197768	0.5753358	0.1366701	0.6953992
0.1677748	0.2269344	0.1583526	0.5666511	0.7133983	0.3321819	0.6424163	0.5050937	0.6450247	0.8260436	0.3451840	0.6985277	0.0010865	0.1550939	0.5928552	0.4219029	0.6925763	0.5631212	0.6347054	0.2282796	0.5621563	0.2026181	0.8410275	0.0911409	0.0024565	0.6268026	0.5579316	0.6443694	0.0055280	0.5142282	0.0329466	0.4680788	0.4874971	0.5439820	0.7006308	0.5071894	0.5924516	0.5523645	0.3888973	0.6548323	0.2820777	0.5903507	0.4872029	0.0217269	0.2012025	0.3345326	0.4863274	0.6775817	0.4218726	0.5560992
0.2122392	0.2539481	0.1405544	0.7276947	0.6877695	0.6334963	0.4893125	0.6037139	0.3709956	0.5828550	0.0472710	0.8589064	0.0111730	0.2480142	0.5202654	0.3896482	0.6577096	0.4615995	0.5314696	0.3052056	0.6445925	0.2262164	0.6309829	0.1287242	0.0158364	0.4849026	0.5038371	0.5062367	0.1380545	0.8027776	0.2633104	0.3246778	0.3352550	0.4514151	0.7709015	0.5557537	0.6218236	0.3862275	0.4717361	0.5959105	0.2472981	0.3991487	0.7042527	0.0630543	0.3077748	0.2513674	0.6897792	0.6752155	0.3745441	0.6116698
0.0492739	0.6234422	0.0532361	0.7398145	0.7359124	0.4265566	0.6616019	0.6637814	0.5920994	0.7862285	0.2898829	0.6977003	0.0438843	0.1796090	0.8855917	0.6005890	0.6497056	0.5354730	0.4290206	0.1223481	0.7609787	0.0271716	0.8456687	0.1606800	0.0238429	0.6318487	0.4643155	0.7728249	0.2718070	0.4117685	0.0425503	0.3573560	0.4032151	0.4115473	0.8394310	0.5848660	0.6753314	0.5400637	0.4702490	0.6821814	0.1365114	0.5294920	0.5800338	0.0646424	0.2532000	0.3433485	0.5275471	0.5064184	0.4040170	0.4488766
0.0871237	0.5083154	0.0367733	0.6359129	0.8144280	0.2697203	0.6259791	0.5072705	0.4268426	0.3854844	0.3727506	0.6573653	0.1173552	0.1063902	0.5906954	0.5336009	0.5730243	0.6158739	0.6019737	0.0496543	0.5878158	0.1595197	0.6254577	0.0488739	0.0070375	0.4936567	0.6214229	0.6544178	0.0038209	0.3671010	0.0781639	0.3959605	0.4663514	0.6280269	0.6099767	0.4710168	0.6527556	0.2889631	0.4594571	0.7106622	0.2802395	0.7218647	0.5789215	0.0231093	0.5122807	0.6101785	0.6734514	0.5221042	0.3200183	0.3305551
0.0264600	0.6582270	0.0619858	0.7306975	0.6511004	0.0086223	0.6247616	0.5758776	0.6394798	0.6314680	0.6452905	0.7881141	0.5494037	0.2231799	0.0696754	0.5957830	0.0044197	0.4621544	0.3957979	0.7158886	0.7219400	0.5816528	0.4914692	0.0054299	0.4716840	0.8512038	0.3639009	0.8362446	0.0008920	0.3969997	0.0645959	0.3983766	0.3749160	0.3744375	0.6861766	0.6337494	0.7373962	0.4106897	0.4343448	0.6419573	0.2096621	0.5677770	0.5549578	0.0633654	0.7925193	0.1469412	0.5542946	0.5019041	0.2246052	0.5162483
